projectclassification, environmentname, mu, sigma, cutoff
ERP009143activatedsludge, sludge, -17.205139233136787, 4.019119130283429, -18.8
ERP012927Lake, lake, -18.69340217068934, 4.52953884261275, -17.0
ERP012927River, river, -13.753908431084433, 2.5402593082837495, -17.5
SRP056641GUT, gut1, -13.899128551965859, 3.040677633241696, -14.3
ERP015450GUT, gut2, -15.023922724386187, 3.3312171019676104, -17.5
ERP017997Glacier, glacier, -15.252553550501805, 3.6122754392839065, -16.25
MGYS00002437 seawater, seawater, -14.064039898752595, 3.7778493718038177, -17.9
SRP052295Environmental Terrestrial Soil, soil, -14.23205375285892, 3.259824424139756, -14.25
SRP056641ORAL, oral, -12.246689286211629, 2.730455482125925, -16.1
