projectclassification, environmentname, mu, sigma, cutoff
ERP009143activatedsludge, sludge, -17.205133128238494, 4.019115003921475, -18.8
ERP012927Lake, lake, -18.69335029613586, 4.529518237213212, -17.0
ERP012927River, river, -13.75390851335409, 2.5402546613248482, -17.5
SRP056641GUT, gut1, -13.899134420835683, 3.040682308946101, -14.3
ERP015450GUT, gut2, -15.023919387857397, 3.331214937621457, -17.5
ERP017997Glacier, glacier, -15.252543166181887, 3.6122700160969665, -16.25
MGYS00002437 seawater, seawater, -14.064032923110709, 3.7778534498540015, -17.9
SRP052295Environmental Terrestrial Soil, soil, -14.23202095196075, 3.2598098534713817, -14.25
SRP056641ORAL, oral, -12.246689595977191, 2.7304492114045, -16.1
