host_id, samplesite, environmentname, mu, sigma, cutoff
M3, Tongue, M_tongue, -11.962243429617464, 4.516570921044587, -15.2
M3, feces, M_feces, -12.35293490775748, 4.431772367730805, -15.1
M3, R_palm, M_rightpalm, -12.943688012530279, 3.5366714844203964, -15.5
M3, L_palm, M_leftpalm, -11.764372615438585, 3.216485935808701, -14.4
F4, Tongue, F_tongue, -9.666950945845024, 3.8290924748795123, -12.8
F4, feces, F_feces, -10.478272740694283, 4.003000521075359, -13.8
F4, R_palm, F_rightpalm, -10.895968466664211, 3.177214828017993, -12.3
F4, L_palm, F_leftpalm, -11.912723603720142, 3.4328006224255834, -13.6
