host_id, samplesite, environmentname, mu, sigma, cutoff
M3, Tongue, M_tongue, -6.703504878638281, 2.335790289719549, -17.0
M3, feces, M_feces, -7.162305570841398, 2.280963020512699, -16.1
M3, R_palm, M_rightpalm, -7.883903150724784, 1.8180103359855737, -16.5
M3, L_palm, M_leftpalm, -6.826910881030683, 1.6193726961410526, -16.0
F4, Tongue, F_tongue, -5.961542621770811, 2.048794162304694, -13.5
F4, feces, F_feces, -6.753861799404575, 2.285198947003324, -15.0
F4, R_palm, F_rightpalm, -6.50975165780056, 1.3506677531899398, -13.3
F4, L_palm, F_leftpalm, -7.496791905777941, 1.561052540265878, -14.7
