environmentname, site_id, mu, sigma, cutoff
M_tongue, M3Tongue, -15.997543496322608, 4.836318231738774, -10.2
M_feces, M3feces, -12.850634878933787, 3.8282371503045574, -10.2
M_rightpalm, M3R_palm, -9.665449668502212, 1.7722694704021642, -10.4
M_leftpalm, M3L_palm, -7.768831255728211, 1.1779354924624237, -9.5
F_tongue, F4Tongue, -16.484811656449793, 4.77505509858864, -8.8
F_feces, F4feces, -10.070595119241322, 3.186217553401445, -10.2
F_rightpalm, F4R_palm, -8.094509745946239, 1.528724735834423, -8.4
F_leftpalm, F4L_palm, -20.196653306757252, 4.0143273487175914, -9.4
