host_id, samplesite, environmentname, mu, sigma, cutoff
M3, Tongue, M_tongue, -15.998000978975863, 4.83643661340143, -10.2
M3, feces, M_feces, -12.850692584479358, 3.8282596711462347, -10.2
M3, R_palm, M_rightpalm, -9.665445461396377, 1.7722679273752506, -10.4
M3, L_palm, M_leftpalm, -7.768827206391197, 1.1779369770535908, -9.5
F4, Tongue, F_tongue, -16.483086388968722, 4.774708712544161, -8.8
F4, feces, F_feces, -10.070484938108464, 3.186187440718556, -10.2
F4, R_palm, F_rightpalm, -8.094509763217303, 1.5287281484526758, -8.4
F4, L_palm, F_leftpalm, -20.19633031177534, 4.014277003855394, -9.4
