host_id, samplesite, environmentname, mu, sigma, cutoff
M3, Tongue, M_tongue, -55.323206431501816, 10.223656284639052, -9.95496044324207
M3, feces, M_feces, -20.378377305242193, 5.41280018977097, -10.006483788587307
M3, R_palm, M_rightpalm, -9.899773937922202, 1.8644154800005286, -10.344830126855443
M3, L_palm, M_leftpalm, -7.892664950737643, 1.2547386819669204, -9.334795790060262
F4, Tongue, F_tongue, -175.44077049228437, 17.563678066808563, -8.591088770392226
F4, feces, F_feces, -25.577420663345265, 6.452226089326627, -9.716850949611441
F4, R_palm, F_rightpalm, -14.06360325578284, 2.91623684586041, -8.140463102708404
F4, L_palm, F_leftpalm, -21.33832732518058, 4.175790544740964, -9.393728011439684
